season,round,driverId,grid,driver_points,driver_position,constructorId,constructor_points,constructor_position
2022,1,leclerc,1,26,1,ferrari,44,1
2022,1,sainz,3,18,2,ferrari,44,1
2022,1,hamilton,5,15,3,mercedes,27,2
2022,1,russell,9,12,4,mercedes,27,2
2022,1,kevin_magnussen,7,10,5,haas,10,3
2022,1,bottas,6,8,6,alfa,9,4
2022,1,ocon,11,6,7,alpine,8,5
2022,1,tsunoda,16,4,8,alphatauri,4,6
2022,1,alonso,8,2,9,alpine,8,5
2022,1,zhou,15,1,10,alfa,9,4
2022,1,mick_schumacher,12,0,11,haas,10,3
2022,1,stroll,19,0,12,aston_martin,0,7
2022,1,albon,14,0,13,williams,0,8
2022,1,ricciardo,18,0,14,mclaren,0,9
2022,1,norris,13,0,15,mclaren,0,9
2022,1,latifi,20,0,16,williams,0,8
2022,1,hulkenberg,17,0,17,aston_martin,0,7
2022,1,perez,4,0,18,red_bull,0,10
2022,1,max_verstappen,2,0,19,red_bull,0,10
2022,1,gasly,10,0,,alphatauri,4,6
2022,2,max_verstappen,4,25,3,red_bull,37,3
2022,2,leclerc,2,45,1,ferrari,78,1
2022,2,sainz,3,33,2,ferrari,78,1
2022,2,perez,1,12,7,red_bull,37,3
2022,2,russell,6,22,4,mercedes,38,2
2022,2,ocon,5,14,6,alpine,16,4
2022,2,norris,11,6,10,mclaren,6,8
2022,2,gasly,9,4,12,alphatauri,8,7
2022,2,kevin_magnussen,10,12,8,haas,12,5
2022,2,hamilton,15,16,5,mercedes,38,2
2022,2,zhou,12,1,14,alfa,9,6
2022,2,hulkenberg,17,0,17,aston_martin,0,9
2022,2,stroll,13,0,16,aston_martin,0,9
2022,2,albon,16,0,18,williams,0,10
2022,2,bottas,8,8,9,alfa,9,6
2022,2,alonso,7,2,13,alpine,16,4
2022,2,ricciardo,14,0,19,mclaren,6,8
2022,2,latifi,18,0,20,williams,0,10
2022,2,tsunoda,19,4,11,alphatauri,8,7
2022,2,mick_schumacher,0,0,15,haas,12,5
2022,3,leclerc,1,71,1,ferrari,104,1
2022,3,perez,3,30,4,red_bull,55,3
2022,3,russell,6,37,2,mercedes,65,2
2022,3,hamilton,5,28,5,mercedes,65,2
2022,3,norris,4,16,8,mclaren,24,4
2022,3,ricciardo,7,8,11,mclaren,24,4
2022,3,ocon,8,20,7,alpine,22,5
2022,3,bottas,12,12,10,alfa,13,6
2022,3,gasly,11,6,12,alphatauri,10,8
2022,3,albon,20,1,16,williams,1,9
2022,3,zhou,14,1,15,alfa,13,6
2022,3,stroll,19,0,18,aston_martin,0,10
2022,3,mick_schumacher,15,0,17,haas,12,7
2022,3,kevin_magnussen,16,12,9,haas,12,7
2022,3,tsunoda,13,4,13,alphatauri,10,8
2022,3,latifi,18,0,20,williams,1,9
2022,3,alonso,10,2,14,alpine,22,5
2022,3,max_verstappen,2,25,6,red_bull,55,3
2022,3,vettel,17,0,,aston_martin,0,10
2022,3,sainz,9,33,3,ferrari,104,1
2022,4,max_verstappen,1,59,2,red_bull,113,2
2022,4,perez,3,54,3,red_bull,113,2
2022,4,norris,5,35,6,mclaren,46,4
2022,4,russell,11,49,4,mercedes,77,3
2022,4,bottas,7,24,8,alfa,25,5
2022,4,leclerc,2,86,1,ferrari,124,1
2022,4,tsunoda,12,10,12,alphatauri,16,7
2022,4,vettel,13,4,14,aston_martin,5,9
2022,4,kevin_magnussen,8,15,10,haas,15,8
2022,4,stroll,15,1,18,aston_martin,5,9
2022,4,albon,18,1,17,williams,1,10
2022,4,gasly,17,6,13,alphatauri,16,7
2022,4,hamilton,14,28,7,mercedes,77,3
2022,4,ocon,16,20,9,alpine,22,6
2022,4,zhou,0,1,16,alfa,25,5
2022,4,latifi,19,0,21,williams,1,10
2022,4,mick_schumacher,10,0,19,haas,15,8
2022,4,ricciardo,6,11,11,mclaren,46,4
2022,4,alonso,9,2,15,alpine,22,6
2022,4,sainz,4,38,5,ferrari,124,1
2022,5,max_verstappen,3,85,2,red_bull,151,2
2022,5,leclerc,1,104,1,ferrari,157,1
2022,5,sainz,2,53,5,ferrari,157,1
2022,5,perez,4,66,3,red_bull,151,2
2022,5,russell,12,59,4,mercedes,95,3
2022,5,hamilton,6,36,6,mercedes,95,3
2022,5,bottas,5,30,8,alfa,31,5
2022,5,ocon,20,24,9,alpine,26,6
2022,5,albon,18,3,15,williams,3,10
2022,5,stroll,0,2,17,aston_martin,6,9
2022,5,alonso,11,2,16,alpine,26,6
2022,5,tsunoda,9,10,12,alphatauri,16,7
2022,5,ricciardo,14,11,11,mclaren,46,4
2022,5,latifi,19,0,21,williams,3,10
2022,5,mick_schumacher,15,0,19,haas,15,8
2022,5,kevin_magnussen,16,15,10,haas,15,8
2022,5,vettel,0,4,14,aston_martin,6,9
2022,5,gasly,7,6,13,alphatauri,16,7
2022,5,norris,8,35,7,mclaren,46,4
2022,5,zhou,17,1,18,alfa,31,5
2022,6,max_verstappen,2,110,1,red_bull,195,1
2022,6,perez,5,85,3,red_bull,195,1
2022,6,russell,4,74,4,mercedes,120,3
2022,6,sainz,3,65,5,ferrari,169,2
2022,6,hamilton,6,46,6,mercedes,120,3
2022,6,bottas,7,38,8,alfa,39,5
2022,6,ocon,12,30,9,alpine,34,6
2022,6,norris,11,39,7,mclaren,50,4
2022,6,alonso,20,4,15,alpine,34,6
2022,6,tsunoda,13,11,12,alphatauri,17,7
2022,6,vettel,16,4,14,aston_martin,6,9
2022,6,ricciardo,9,11,11,mclaren,50,4
2022,6,gasly,14,6,13,alphatauri,17,7
2022,6,mick_schumacher,10,0,19,haas,15,8
2022,6,stroll,17,2,17,aston_martin,6,9
2022,6,latifi,19,0,21,williams,3,10
2022,6,kevin_magnussen,8,15,10,haas,15,8
2022,6,albon,18,3,16,williams,3,10
2022,6,zhou,15,1,18,alfa,39,5
2022,6,leclerc,1,104,2,ferrari,169,2
2022,7,perez,3,110,3,red_bull,235,1
2022,7,sainz,2,83,5,ferrari,199,2
2022,7,max_verstappen,4,125,1,red_bull,235,1
2022,7,leclerc,1,116,2,ferrari,199,2
2022,7,russell,6,84,4,mercedes,134,3
2022,7,norris,5,48,7,mclaren,59,4
2022,7,alonso,7,10,13,alpine,40,6
2022,7,hamilton,8,50,6,mercedes,134,3
2022,7,bottas,12,40,8,alfa,41,5
2022,7,vettel,9,5,15,aston_martin,7,9
2022,7,gasly,17,6,14,alphatauri,17,7
2022,7,ocon,10,30,9,alpine,40,6
2022,7,ricciardo,14,11,11,mclaren,59,4
2022,7,stroll,18,2,17,aston_martin,7,9
2022,7,latifi,19,0,21,williams,3,10
2022,7,zhou,20,1,18,alfa,41,5
2022,7,tsunoda,11,11,12,alphatauri,17,7
2022,7,albon,16,3,16,williams,3,10
2022,7,mick_schumacher,15,0,19,haas,15,8
2022,7,kevin_magnussen,13,15,10,haas,15,8
2022,8,max_verstappen,3,150,1,red_bull,279,1
2022,8,perez,2,129,2,red_bull,279,1
2022,8,russell,5,99,4,mercedes,161,3
2022,8,hamilton,7,62,6,mercedes,161,3
2022,8,gasly,6,16,10,alphatauri,27,7
2022,8,vettel,9,13,14,aston_martin,15,9
2022,8,alonso,10,16,11,alpine,47,5
2022,8,ricciardo,12,15,13,mclaren,65,4
2022,8,norris,11,50,7,mclaren,65,4
2022,8,ocon,13,31,9,alpine,47,5
2022,8,bottas,15,40,8,alfa,41,6
2022,8,albon,17,3,16,williams,3,10
2022,8,tsunoda,8,11,15,alphatauri,27,7
2022,8,mick_schumacher,20,0,19,haas,15,8
2022,8,latifi,18,0,21,williams,3,10
2022,8,stroll,19,2,17,aston_martin,15,9
2022,8,kevin_magnussen,16,15,12,haas,15,8
2022,8,zhou,14,1,18,alfa,41,6
2022,8,leclerc,1,116,3,ferrari,199,2
2022,8,sainz,4,83,5,ferrari,199,2
2022,9,max_verstappen,1,175,1,red_bull,304,1
2022,9,sainz,3,102,5,ferrari,228,2
2022,9,hamilton,4,77,6,mercedes,188,3
2022,9,russell,8,111,4,mercedes,188,3
2022,9,leclerc,19,126,3,ferrari,228,2
2022,9,ocon,7,39,9,alpine,57,5
2022,9,bottas,11,46,8,alfa,51,6
2022,9,zhou,10,5,16,alfa,51,6
2022,9,alonso,2,18,10,alpine,57,5
2022,9,stroll,17,3,18,aston_martin,16,8
2022,9,ricciardo,9,15,13,mclaren,65,4
2022,9,vettel,16,13,14,aston_martin,16,8
2022,9,albon,12,3,17,williams,3,10
2022,9,gasly,15,16,11,alphatauri,27,7
2022,9,norris,14,50,7,mclaren,65,4
2022,9,latifi,18,0,21,williams,3,10
2022,9,kevin_magnussen,5,15,12,haas,15,9
2022,9,tsunoda,20,11,15,alphatauri,27,7
2022,9,mick_schumacher,6,0,19,haas,15,9
2022,9,perez,13,129,2,red_bull,304,1
2022,10,sainz,1,127,4,ferrari,265,2
2022,10,perez,4,147,2,red_bull,328,1
2022,10,hamilton,5,93,6,mercedes,204,3
2022,10,leclerc,3,138,3,ferrari,265,2
2022,10,alonso,7,28,10,alpine,67,5
2022,10,norris,6,58,7,mclaren,73,4
2022,10,max_verstappen,2,181,1,red_bull,328,1
2022,10,mick_schumacher,19,4,17,haas,20,8
2022,10,vettel,18,15,13,aston_martin,18,9
2022,10,kevin_magnussen,17,16,12,haas,20,8
2022,10,stroll,20,3,19,aston_martin,18,9
2022,10,latifi,10,0,20,williams,3,10
2022,10,ricciardo,14,15,14,mclaren,73,4
2022,10,tsunoda,13,11,15,alphatauri,27,7
2022,10,ocon,15,39,9,alpine,67,5
2022,10,gasly,11,16,11,alphatauri,27,7
2022,10,bottas,12,46,8,alfa,51,6
2022,10,russell,8,111,5,mercedes,204,3
2022,10,zhou,9,5,16,alfa,51,6
2022,10,albon,16,3,18,williams,3,10
2022,11,leclerc,2,170,2,ferrari,303,2
2022,11,max_verstappen,1,208,1,red_bull,359,1
2022,11,hamilton,8,109,6,mercedes,237,3
2022,11,russell,4,128,5,mercedes,237,3
2022,11,ocon,6,52,8,alpine,81,5
2022,11,mick_schumacher,9,12,15,haas,34,7
2022,11,norris,10,64,7,mclaren,81,4
2022,11,kevin_magnussen,7,22,11,haas,34,7
2022,11,ricciardo,11,17,12,mclaren,81,4
2022,11,alonso,19,29,10,alpine,81,5
2022,11,bottas,0,46,9,alfa,51,6
2022,11,albon,15,3,18,williams,3,10
2022,11,stroll,12,3,19,aston_martin,18,9
2022,11,zhou,13,5,17,alfa,51,6
2022,11,gasly,14,16,13,alphatauri,27,8
2022,11,tsunoda,16,11,16,alphatauri,27,8
2022,11,vettel,18,15,14,aston_martin,18,9
2022,11,sainz,3,133,4,ferrari,303,2
2022,11,latifi,17,0,20,williams,3,10
2022,11,perez,5,151,3,red_bull,359,1
2022,12,max_verstappen,2,233,1,red_bull,396,1
2022,12,hamilton,4,127,6,mercedes,270,3
2022,12,russell,6,143,5,mercedes,270,3
2022,12,perez,3,163,3,red_bull,396,1
2022,12,sainz,19,144,4,ferrari,314,2
2022,12,alonso,7,37,10,alpine,93,4
2022,12,norris,5,70,7,mclaren,89,5
2022,12,ocon,10,56,8,alpine,93,4
2022,12,ricciardo,9,19,12,mclaren,89,5
2022,12,stroll,15,4,18,aston_martin,19,9
2022,12,vettel,12,15,14,aston_martin,19,9
2022,12,gasly,14,16,13,alphatauri,27,8
2022,12,albon,13,3,19,williams,3,10
2022,12,bottas,11,46,9,alfa,51,6
2022,12,mick_schumacher,17,12,15,haas,34,7
2022,12,zhou,16,5,17,alfa,51,6
2022,12,latifi,18,0,20,williams,3,10
2022,12,kevin_magnussen,20,22,11,haas,34,7
2022,12,leclerc,1,170,2,ferrari,314,2
2022,12,tsunoda,8,11,16,alphatauri,27,8
2022,13,max_verstappen,10,258,1,red_bull,431,1
2022,13,hamilton,7,146,6,mercedes,304,3
2022,13,russell,1,158,4,mercedes,304,3
2022,13,sainz,2,156,5,ferrari,334,2
2022,13,perez,11,173,3,red_bull,431,1
2022,13,leclerc,3,178,2,ferrari,334,2
2022,13,norris,4,76,7,mclaren,95,5
2022,13,alonso,6,41,10,alpine,99,4
2022,13,ocon,5,58,8,alpine,99,4
2022,13,vettel,18,16,14,aston_martin,20,9
2022,13,stroll,14,4,18,aston_martin,20,9
2022,13,gasly,0,16,13,alphatauri,27,8
2022,13,zhou,12,5,17,alfa,51,6
2022,13,mick_schumacher,15,12,15,haas,34,7
2022,13,ricciardo,9,19,12,mclaren,95,5
2022,13,kevin_magnussen,13,22,11,haas,34,7
2022,13,albon,17,3,19,williams,3,10
2022,13,latifi,19,0,20,williams,3,10
2022,13,tsunoda,16,11,16,alphatauri,27,8
2022,13,bottas,8,46,9,alfa,51,6
2022,14,max_verstappen,14,284,1,red_bull,475,1
2022,14,perez,2,191,2,red_bull,475,1
2022,14,sainz,1,171,4,ferrari,357,2
2022,14,russell,5,170,5,mercedes,316,3
2022,14,alonso,3,51,9,alpine,115,4
2022,14,leclerc,15,186,3,ferrari,357,2
2022,14,ocon,16,64,8,alpine,115,4
2022,14,vettel,10,20,12,aston_martin,24,9
2022,14,gasly,0,18,14,alphatauri,29,8
2022,14,albon,6,4,18,williams,4,10
2022,14,stroll,9,4,19,aston_martin,24,9
2022,14,norris,17,76,7,mclaren,95,5
2022,14,tsunoda,0,11,16,alphatauri,29,8
2022,14,zhou,18,5,17,alfa,51,6
2022,14,ricciardo,7,19,13,mclaren,95,5
2022,14,kevin_magnussen,12,22,11,haas,34,7
2022,14,mick_schumacher,19,12,15,haas,34,7
2022,14,latifi,11,0,20,williams,4,10
2022,14,bottas,13,46,10,alfa,51,6
2022,14,hamilton,4,146,6,mercedes,316,3
2022,15,max_verstappen,1,310,1,red_bull,511,1
2022,15,russell,6,188,4,mercedes,346,3
2022,15,leclerc,2,201,2,ferrari,376,2
2022,15,hamilton,4,158,6,mercedes,346,3
2022,15,perez,5,201,3,red_bull,511,1
2022,15,alonso,13,59,9,alpine,125,4
2022,15,norris,7,82,7,mclaren,101,5
2022,15,sainz,3,175,5,ferrari,376,2
2022,15,ocon,12,66,8,alpine,125,4
2022,15,stroll,10,5,18,aston_martin,25,9
2022,15,gasly,11,18,14,alphatauri,29,8
2022,15,albon,15,4,19,williams,4,10
2022,15,mick_schumacher,8,12,15,haas,34,7
2022,15,vettel,19,20,12,aston_martin,25,9
2022,15,kevin_magnussen,18,22,11,haas,34,7
2022,15,zhou,14,5,17,alfa,51,6
2022,15,ricciardo,17,19,13,mclaren,101,5
2022,15,latifi,20,0,20,williams,4,10
2022,15,bottas,16,46,10,alfa,51,6
2022,15,tsunoda,9,11,16,alphatauri,29,8
2022,16,max_verstappen,7,335,1,red_bull,545,1
2022,16,leclerc,1,219,2,ferrari,406,2
2022,16,russell,2,203,4,mercedes,371,3
2022,16,sainz,18,187,5,ferrari,406,2
2022,16,hamilton,19,168,6,mercedes,371,3
2022,16,perez,13,210,3,red_bull,545,1
2022,16,norris,3,88,7,mclaren,107,5
2022,16,gasly,5,22,11,alphatauri,33,8
2022,16,de_vries,8,2,20,williams,6,10
2022,16,zhou,9,6,17,alfa,52,6
2022,16,ocon,14,66,8,alpine,125,4
2022,16,mick_schumacher,17,12,15,haas,34,7
2022,16,bottas,15,46,10,alfa,52,6
2022,16,tsunoda,20,11,16,alphatauri,33,8
2022,16,latifi,10,0,21,williams,6,10
2022,16,kevin_magnussen,16,22,12,haas,34,7
2022,16,ricciardo,4,19,14,mclaren,107,5
2022,16,stroll,12,5,18,aston_martin,25,9
2022,16,alonso,6,59,9,alpine,125,4
2022,16,vettel,11,20,13,aston_martin,25,9
2022,17,perez,2,235,3,red_bull,576,1
2022,17,leclerc,1,237,2,ferrari,439,2
2022,17,sainz,4,202,5,ferrari,439,2
2022,17,norris,6,100,7,mclaren,129,4
2022,17,ricciardo,16,29,11,mclaren,129,4
2022,17,stroll,11,13,15,aston_martin,37,7
2022,17,max_verstappen,8,341,1,red_bull,576,1
2022,17,vettel,13,24,12,aston_martin,37,7
2022,17,hamilton,3,170,6,mercedes,373,3
2022,17,gasly,7,23,13,alphatauri,34,9
2022,17,bottas,15,46,10,alfa,52,6
2022,17,kevin_magnussen,9,22,14,haas,34,8
2022,17,mick_schumacher,12,12,16,haas,34,8
2022,17,russell,0,203,4,mercedes,373,3
2022,17,tsunoda,10,11,17,alphatauri,34,9
2022,17,ocon,17,66,8,alpine,125,5
2022,17,albon,18,4,19,williams,6,10
2022,17,alonso,5,59,9,alpine,125,5
2022,17,latifi,19,0,21,williams,6,10
2022,17,zhou,14,6,18,alfa,52,6
2022,18,max_verstappen,1,366,1,red_bull,619,1
2022,18,perez,4,253,2,red_bull,619,1
2022,18,leclerc,2,252,3,ferrari,454,2
2022,18,ocon,5,78,8,alpine,143,4
2022,18,hamilton,6,180,6,mercedes,387,3
2022,18,vettel,9,32,11,aston_martin,45,7
2022,18,alonso,7,65,9,alpine,143,4
2022,18,russell,8,207,4,mercedes,387,3
2022,18,latifi,20,2,20,williams,8,10
2022,18,norris,10,101,7,mclaren,130,5
2022,18,ricciardo,11,29,12,mclaren,130,5
2022,18,stroll,19,13,15,aston_martin,45,7
2022,18,tsunoda,13,11,17,alphatauri,34,9
2022,18,kevin_magnussen,18,22,14,haas,34,8
2022,18,bottas,12,46,10,alfa,52,6
2022,18,zhou,14,6,18,alfa,52,6
2022,18,mick_schumacher,15,12,16,haas,34,8
2022,18,gasly,17,23,13,alphatauri,34,9
2022,18,sainz,3,202,5,ferrari,454,2
2022,18,albon,16,4,19,williams,8,10
2022,19,max_verstappen,2,391,1,red_bull,656,1
2022,19,hamilton,3,198,6,mercedes,416,3
2022,19,leclerc,12,267,2,ferrari,469,2
2022,19,perez,9,265,3,red_bull,656,1
2022,19,russell,4,218,4,mercedes,416,3
2022,19,norris,6,109,7,mclaren,138,5
2022,19,alonso,14,71,9,alpine,149,4
2022,19,vettel,10,36,11,aston_martin,49,7
2022,19,kevin_magnussen,13,24,13,haas,36,8
2022,19,tsunoda,19,12,17,alphatauri,35,9
2022,19,ocon,0,78,8,alpine,149,4
2022,19,zhou,18,6,18,alfa,52,6
2022,19,albon,8,4,19,williams,8,10
2022,19,gasly,11,23,14,alphatauri,35,9
2022,19,mick_schumacher,16,12,16,haas,36,8
2022,19,ricciardo,15,29,12,mclaren,138,5
2022,19,latifi,17,2,20,williams,8,10
2022,19,stroll,5,13,15,aston_martin,49,7
2022,19,bottas,7,46,10,alfa,52,6
2022,19,sainz,1,202,5,ferrari,469,2
2022,20,max_verstappen,1,416,1,red_bull,696,1
2022,20,hamilton,3,216,5,mercedes,447,3
2022,20,perez,4,280,2,red_bull,696,1
2022,20,russell,2,231,4,mercedes,447,3
2022,20,sainz,5,212,6,ferrari,487,2
2022,20,leclerc,7,275,3,ferrari,487,2
2022,20,ricciardo,11,35,12,mclaren,146,5
2022,20,ocon,10,82,8,alpine,153,4
2022,20,norris,8,111,7,mclaren,146,5
2022,20,bottas,6,47,10,alfa,53,6
2022,20,gasly,14,23,14,alphatauri,35,9
2022,20,albon,17,4,19,williams,8,10
2022,20,zhou,12,6,18,alfa,53,6
2022,20,vettel,16,36,11,aston_martin,49,7
2022,20,stroll,20,13,15,aston_martin,49,7
2022,20,mick_schumacher,15,12,16,haas,36,8
2022,20,kevin_magnussen,19,24,13,haas,36,8
2022,20,latifi,18,2,20,williams,8,10
2022,20,alonso,9,71,9,alpine,153,4
2022,20,tsunoda,13,12,17,alphatauri,35,9
2022,21,russell,1,265,4,mercedes,505,3
2022,21,hamilton,2,240,5,mercedes,505,3
2022,21,sainz,7,234,6,ferrari,524,2
2022,21,leclerc,5,290,2,ferrari,524,2
2022,21,alonso,17,81,9,alpine,167,4
2022,21,max_verstappen,3,429,1,red_bull,719,1
2022,21,perez,4,290,3,red_bull,719,1
2022,21,ocon,16,86,8,alpine,167,4
2022,21,bottas,14,49,10,alfa,55,6
2022,21,stroll,15,14,15,aston_martin,50,7
2022,21,vettel,9,36,11,aston_martin,50,7
2022,21,zhou,13,6,18,alfa,55,6
2022,21,mick_schumacher,12,12,16,haas,37,8
2022,21,gasly,10,23,14,alphatauri,35,9
2022,21,albon,19,4,19,williams,8,10
2022,21,latifi,18,2,20,williams,8,10
2022,21,tsunoda,0,12,17,alphatauri,35,9
2022,21,norris,6,113,7,mclaren,148,5
2022,21,kevin_magnussen,8,25,13,haas,37,8
2022,21,ricciardo,11,35,12,mclaren,148,5
2022,22,max_verstappen,1,454,1,red_bull,759,1
2022,22,leclerc,3,308,2,ferrari,554,2
2022,22,perez,2,305,3,red_bull,759,1
2022,22,sainz,4,246,5,ferrari,554,2
2022,22,russell,6,275,4,mercedes,515,3
2022,22,norris,7,122,7,mclaren,159,5
2022,22,ocon,8,92,8,alpine,173,4
2022,22,stroll,14,18,15,aston_martin,55,7
2022,22,ricciardo,13,37,11,mclaren,159,5
2022,22,vettel,9,37,12,aston_martin,55,7
2022,22,tsunoda,11,12,17,alphatauri,35,9
2022,22,zhou,15,6,18,alfa,55,6
2022,22,albon,19,4,19,williams,8,10
2022,22,gasly,17,23,14,alphatauri,35,9
2022,22,bottas,18,49,10,alfa,55,6
2022,22,mick_schumacher,12,12,16,haas,37,8
2022,22,kevin_magnussen,16,25,13,haas,37,8
2022,22,hamilton,5,240,6,mercedes,515,3
2022,22,latifi,20,2,20,williams,8,10
2022,22,alonso,10,81,9,alpine,173,4
2023,1,max_verstappen,1,25,1,red_bull,43,1
2023,1,perez,2,18,2,red_bull,43,1
2023,1,alonso,5,15,3,aston_martin,23,2
2023,1,sainz,4,12,4,ferrari,12,4
2023,1,hamilton,7,10,5,mercedes,16,3
2023,1,stroll,8,8,6,aston_martin,23,2
2023,1,russell,6,6,7,mercedes,16,3
2023,1,bottas,12,4,8,alfa,4,5
2023,1,gasly,20,2,9,alpine,2,6
2023,1,albon,15,1,10,williams,1,7
2023,1,tsunoda,14,0,11,alphatauri,0,8
2023,1,sargeant,16,0,12,williams,1,7
2023,1,kevin_magnussen,17,0,13,haas,0,9
2023,1,de_vries,19,0,14,alphatauri,0,8
2023,1,hulkenberg,10,0,15,haas,0,9
2023,1,zhou,13,0,16,alfa,4,5
2023,1,norris,11,0,17,mclaren,0,10
2023,1,ocon,9,0,,alpine,2,6
2023,1,leclerc,3,0,,ferrari,12,4
2023,1,piastri,18,0,,mclaren,0,10
2023,2,perez,1,43,2,red_bull,87,1
2023,2,max_verstappen,15,44,1,red_bull,87,1
2023,2,alonso,2,30,3,aston_martin,38,2
2023,2,russell,3,18,6,mercedes,38,3
2023,2,hamilton,7,20,5,mercedes,38,3
2023,2,sainz,4,20,4,ferrari,26,4
2023,2,leclerc,12,6,8,ferrari,26,4
2023,2,ocon,6,4,10,alpine,8,5
2023,2,gasly,9,4,11,alpine,8,5
2023,2,kevin_magnussen,13,1,12,haas,1,7
2023,2,tsunoda,16,0,14,alphatauri,0,9
2023,2,hulkenberg,10,0,15,haas,1,7
2023,2,zhou,11,0,17,alfa,4,6
2023,2,de_vries,18,0,18,alphatauri,0,9
2023,2,piastri,8,0,19,mclaren,0,10
2023,2,sargeant,20,0,16,williams,1,8
2023,2,norris,19,0,20,mclaren,0,10
2023,2,bottas,14,4,9,alfa,4,6
2023,2,albon,17,1,13,williams,1,8
2023,2,stroll,5,8,7,aston_martin,38,2
2023,3,max_verstappen,1,69,1,red_bull,123,1
2023,3,hamilton,3,38,4,mercedes,56,3
2023,3,alonso,4,45,3,aston_martin,65,2
2023,3,stroll,6,20,6,aston_martin,65,2
2023,3,perez,20,54,2,red_bull,123,1
2023,3,norris,13,8,8,mclaren,12,5
2023,3,hulkenberg,10,6,9,haas,7,7
2023,3,piastri,16,4,13,mclaren,12,5
2023,3,zhou,17,2,15,alfa,6,8
2023,3,tsunoda,12,1,16,alphatauri,1,9
2023,3,bottas,19,4,11,alfa,6,8
2023,3,sainz,5,20,5,ferrari,26,4
2023,3,gasly,9,4,14,alpine,8,6
2023,3,ocon,11,4,12,alpine,8,6
2023,3,de_vries,15,0,20,alphatauri,1,9
2023,3,sargeant,18,0,19,williams,1,10
2023,3,kevin_magnussen,14,1,17,haas,7,7
2023,3,russell,2,18,7,mercedes,56,3
2023,3,albon,8,1,18,williams,1,10
2023,3,leclerc,7,6,10,ferrari,26,4
2023,4,perez,3,87,2,red_bull,180,1
2023,4,max_verstappen,2,93,1,red_bull,180,1
2023,4,leclerc,1,28,6,ferrari,62,4
2023,4,alonso,6,60,3,aston_martin,87,2
2023,4,sainz,4,34,5,ferrari,62,4
2023,4,hamilton,5,48,4,mercedes,76,3
2023,4,stroll,9,27,8,aston_martin,87,2
2023,4,russell,11,28,7,mercedes,76,3
2023,4,norris,7,10,9,mclaren,14,5
2023,4,tsunoda,8,2,16,alphatauri,2,9
2023,4,piastri,10,4,11,mclaren,14,5
2023,4,albon,12,1,17,williams,1,10
2023,4,kevin_magnussen,16,1,18,haas,7,7
2023,4,gasly,17,4,14,alpine,8,6
2023,4,ocon,19,4,13,alpine,8,6
2023,4,sargeant,14,0,19,williams,1,10
2023,4,hulkenberg,20,6,10,haas,7,7
2023,4,bottas,13,4,12,alfa,6,8
2023,4,zhou,15,2,15,alfa,6,8
2023,4,de_vries,18,0,20,alphatauri,2,9
2023,5,max_verstappen,9,119,1,red_bull,224,1
2023,5,perez,1,105,2,red_bull,224,1
2023,5,alonso,2,75,3,aston_martin,102,2
2023,5,russell,6,40,6,mercedes,96,3
2023,5,sainz,3,44,5,ferrari,78,4
2023,5,hamilton,13,56,4,mercedes,96,3
2023,5,leclerc,7,34,7,ferrari,78,4
2023,5,gasly,5,8,10,alpine,14,6
2023,5,ocon,8,6,12,alpine,14,6
2023,5,kevin_magnussen,4,2,17,haas,8,7
2023,5,tsunoda,17,2,16,alphatauri,2,9
2023,5,stroll,18,27,8,aston_martin,102,2
2023,5,bottas,10,4,13,alfa,6,8
2023,5,albon,11,1,18,williams,1,10
2023,5,hulkenberg,12,6,11,haas,8,7
2023,5,zhou,14,2,15,alfa,6,8
2023,5,norris,16,10,9,mclaren,14,5
2023,5,de_vries,15,0,20,alphatauri,2,9
2023,5,piastri,19,4,14,mclaren,14,5
2023,5,sargeant,20,0,19,williams,1,10
2023,6,max_verstappen,1,144,1,red_bull,249,1
2023,6,alonso,2,93,3,aston_martin,120,2
2023,6,ocon,3,21,9,alpine,35,5
2023,6,hamilton,5,69,4,mercedes,119,3
2023,6,russell,8,50,5,mercedes,119,3
2023,6,leclerc,6,42,7,ferrari,90,4
2023,6,gasly,7,14,10,alpine,35,5
2023,6,sainz,4,48,6,ferrari,90,4
2023,6,norris,10,12,11,mclaren,17,6
2023,6,piastri,11,5,13,mclaren,17,6
2023,6,bottas,15,4,14,alfa,6,8
2023,6,de_vries,12,0,19,alphatauri,2,9
2023,6,zhou,19,2,15,alfa,6,8
2023,6,albon,13,1,18,williams,1,10
2023,6,tsunoda,9,2,16,alphatauri,2,9
2023,6,perez,20,105,2,red_bull,249,1
2023,6,hulkenberg,18,6,12,haas,8,7
2023,6,sargeant,16,0,20,williams,1,10
2023,6,kevin_magnussen,17,2,17,haas,8,7
2023,6,stroll,14,27,8,aston_martin,120,2
2023,7,max_verstappen,1,170,1,red_bull,287,1
2023,7,hamilton,4,87,4,mercedes,152,2
2023,7,russell,12,65,5,mercedes,152,2
2023,7,perez,11,117,2,red_bull,287,1
2023,7,sainz,2,58,6,ferrari,100,4
2023,7,stroll,5,35,8,aston_martin,134,3
2023,7,alonso,8,99,3,aston_martin,134,3
2023,7,ocon,6,25,9,alpine,40,5
2023,7,zhou,13,4,15,alfa,8,8
2023,7,gasly,10,15,10,alpine,40,5
2023,7,leclerc,19,42,7,ferrari,100,4
2023,7,tsunoda,15,2,16,alphatauri,2,9
2023,7,piastri,9,5,13,mclaren,17,6
2023,7,de_vries,14,0,19,alphatauri,2,9
2023,7,hulkenberg,7,6,12,haas,8,7
2023,7,albon,18,1,18,williams,1,10
2023,7,norris,3,12,11,mclaren,17,6
2023,7,kevin_magnussen,17,2,17,haas,8,7
2023,7,bottas,16,4,14,alfa,8,8
2023,7,sargeant,20,0,20,williams,1,10
2023,8,max_verstappen,1,195,1,red_bull,321,1
2023,8,alonso,2,117,3,aston_martin,154,3
2023,8,hamilton,3,102,4,mercedes,167,2
2023,8,leclerc,10,54,7,ferrari,122,4
2023,8,sainz,11,68,5,ferrari,122,4
2023,8,perez,12,126,2,red_bull,321,1
2023,8,albon,9,7,12,williams,7,9
2023,8,ocon,6,29,9,alpine,44,5
2023,8,stroll,16,37,8,aston_martin,154,3
2023,8,bottas,14,5,15,alfa,9,7
2023,8,piastri,8,5,14,mclaren,17,6
2023,8,gasly,15,15,10,alpine,44,5
2023,8,norris,7,12,11,mclaren,17,6
2023,8,tsunoda,19,2,17,alphatauri,2,10
2023,8,hulkenberg,5,6,13,haas,8,8
2023,8,zhou,20,4,16,alfa,9,7
2023,8,kevin_magnussen,13,2,18,haas,8,8
2023,8,de_vries,17,0,19,alphatauri,2,10
2023,8,russell,4,65,6,mercedes,167,2
2023,8,sargeant,18,0,20,williams,7,9
2023,9,max_verstappen,1,229,1,red_bull,377,1
2023,9,leclerc,2,72,6,ferrari,154,4
2023,9,perez,15,148,2,red_bull,377,1
2023,9,norris,4,24,10,mclaren,29,6
2023,9,alonso,7,131,3,aston_martin,175,3
2023,9,sainz,3,82,5,ferrari,154,4
2023,9,russell,11,72,7,mercedes,178,2
2023,9,hamilton,5,106,4,mercedes,178,2
2023,9,stroll,6,44,8,aston_martin,175,3
2023,9,gasly,9,16,11,alpine,47,5
2023,9,albon,10,7,13,williams,7,9
2023,9,zhou,17,4,16,alfa,9,8
2023,9,sargeant,18,0,19,williams,7,9
2023,9,ocon,12,31,9,alpine,47,5
2023,9,bottas,14,5,15,alfa,9,8
2023,9,piastri,13,5,14,mclaren,29,6
2023,9,de_vries,20,0,20,alphatauri,2,10
2023,9,kevin_magnussen,19,2,18,haas,11,7
2023,9,tsunoda,16,2,17,alphatauri,2,10
2023,9,hulkenberg,8,9,12,haas,11,7
2023,10,max_verstappen,1,255,1,red_bull,411,1
2023,10,norris,2,42,9,mclaren,59,5
2023,10,hamilton,7,121,4,mercedes,203,2
2023,10,piastri,3,17,11,mclaren,59,5
2023,10,russell,6,82,6,mercedes,203,2
2023,10,perez,15,156,2,red_bull,411,1
2023,10,alonso,9,137,3,aston_martin,181,3
2023,10,albon,8,11,13,williams,11,7
2023,10,leclerc,4,74,7,ferrari,157,4
2023,10,sainz,5,83,5,ferrari,157,4
2023,10,sargeant,14,0,19,williams,11,7
2023,10,bottas,20,5,15,alfa,9,9
2023,10,hulkenberg,11,9,14,haas,11,8
2023,10,stroll,12,44,8,aston_martin,181,3
2023,10,zhou,17,4,16,alfa,9,9
2023,10,tsunoda,16,2,17,alphatauri,2,10
2023,10,de_vries,18,0,20,alphatauri,2,10
2023,10,gasly,10,16,12,alpine,47,6
2023,10,kevin_magnussen,19,2,18,haas,11,8
2023,10,ocon,13,31,10,alpine,47,6
2023,11,max_verstappen,2,281,1,red_bull,452,1
2023,11,norris,3,60,8,mclaren,87,5
2023,11,perez,9,171,2,red_bull,452,1
2023,11,hamilton,1,133,4,mercedes,223,2
2023,11,piastri,4,27,11,mclaren,87,5
2023,11,russell,18,90,5,mercedes,223,2
2023,11,leclerc,6,80,7,ferrari,167,4
2023,11,sainz,11,87,6,ferrari,167,4
2023,11,alonso,8,139,3,aston_martin,184,3
2023,11,stroll,14,45,9,aston_martin,184,3
2023,11,albon,16,11,13,williams,11,7
2023,11,bottas,7,5,15,alfa,9,9
2023,11,ricciardo,13,0,21,alphatauri,2,10
2023,11,hulkenberg,10,9,14,haas,11,8
2023,11,tsunoda,17,2,17,alphatauri,2,10
2023,11,zhou,5,4,16,alfa,9,9
2023,11,kevin_magnussen,19,2,18,haas,11,8
2023,11,sargeant,20,0,19,williams,11,7
2023,11,ocon,12,31,10,alpine,47,6
2023,11,gasly,15,16,12,alpine,47,6
2023,12,max_verstappen,6,314,1,red_bull,503,1
2023,12,perez,2,189,2,red_bull,503,1
2023,12,leclerc,1,99,5,ferrari,191,4
2023,12,hamilton,3,148,4,mercedes,247,2
2023,12,alonso,9,149,3,aston_martin,196,3
2023,12,russell,8,99,6,mercedes,247,2
2023,12,norris,7,69,8,mclaren,103,5
2023,12,ocon,14,35,10,alpine,57,6
2023,12,stroll,10,47,9,aston_martin,196,3
2023,12,tsunoda,11,3,17,alphatauri,3,10
2023,12,gasly,12,22,12,alpine,57,6
2023,12,bottas,13,5,15,alfa,9,9
2023,12,zhou,17,4,16,alfa,9,9
2023,12,albon,15,11,13,williams,11,7
2023,12,kevin_magnussen,16,2,18,haas,11,8
2023,12,ricciardo,19,0,21,alphatauri,3,10
2023,12,sargeant,18,0,19,williams,11,7
2023,12,hulkenberg,20,9,14,haas,11,8
2023,12,sainz,4,92,7,ferrari,191,4
2023,12,piastri,5,34,11,mclaren,103,5
2023,13,max_verstappen,1,339,1,red_bull,540,1
2023,13,alonso,5,168,3,aston_martin,215,3
2023,13,gasly,12,37,10,alpine,73,6
2023,13,perez,7,201,2,red_bull,540,1
2023,13,sainz,6,102,5,ferrari,201,4
2023,13,hamilton,13,156,4,mercedes,255,2
2023,13,norris,2,75,8,mclaren,111,5
2023,13,albon,4,15,13,williams,15,7
2023,13,piastri,8,36,12,mclaren,111,5
2023,13,ocon,16,36,11,alpine,73,6
2023,13,stroll,11,47,9,aston_martin,215,3
2023,13,hulkenberg,14,9,14,haas,11,8
2023,13,lawson,19,0,22,alphatauri,3,10
2023,13,bottas,18,5,15,alfa,9,9
2023,13,tsunoda,17,3,17,alphatauri,3,10
2023,13,kevin_magnussen,0,2,18,haas,11,8
2023,13,russell,3,99,7,mercedes,255,2
2023,13,zhou,15,4,16,alfa,9,9
2023,13,leclerc,9,99,6,ferrari,201,4
2023,13,sargeant,10,0,19,williams,15,7
2023,14,max_verstappen,2,364,1,red_bull,583,1
2023,14,perez,5,219,2,red_bull,583,1
2023,14,sainz,1,117,5,ferrari,228,3
2023,14,leclerc,3,111,6,ferrari,228,3
2023,14,russell,4,109,7,mercedes,273,2
2023,14,hamilton,8,164,4,mercedes,273,2
2023,14,albon,6,21,13,williams,21,7
2023,14,norris,9,79,8,mclaren,115,5
2023,14,alonso,10,170,3,aston_martin,217,4
2023,14,bottas,14,6,15,alfa,10,9
2023,14,lawson,12,0,20,alphatauri,3,10
2023,14,piastri,7,36,12,mclaren,115,5
2023,14,sargeant,15,0,19,williams,21,7
2023,14,zhou,16,4,16,alfa,10,9
2023,14,gasly,17,37,10,alpine,73,6
2023,14,stroll,20,47,9,aston_martin,217,4
2023,14,hulkenberg,13,9,14,haas,11,8
2023,14,kevin_magnussen,19,2,18,haas,11,8
2023,14,ocon,18,36,11,alpine,73,6
2023,14,tsunoda,11,3,17,alphatauri,3,10
2023,15,sainz,1,142,5,ferrari,265,3
2023,15,norris,4,97,8,mclaren,139,5
2023,15,hamilton,5,180,3,mercedes,289,2
2023,15,leclerc,3,123,6,ferrari,265,3
2023,15,max_verstappen,11,374,1,red_bull,597,1
2023,15,gasly,12,45,10,alpine,81,6
2023,15,piastri,17,42,11,mclaren,139,5
2023,15,perez,13,223,2,red_bull,597,1
2023,15,lawson,10,2,19,alphatauri,5,10
2023,15,kevin_magnussen,6,3,18,haas,12,8
2023,15,albon,14,21,13,williams,21,7
2023,15,zhou,19,4,16,alfa,10,9
2023,15,hulkenberg,9,9,14,haas,12,8
2023,15,sargeant,18,0,20,williams,21,7
2023,15,alonso,7,170,4,aston_martin,217,4
2023,15,russell,2,109,7,mercedes,289,2
2023,15,bottas,16,6,15,alfa,10,9
2023,15,ocon,8,36,12,alpine,81,6
2023,15,tsunoda,15,3,17,alphatauri,5,10
2023,15,stroll,0,47,9,aston_martin,217,4
2023,16,max_verstappen,1,400,1,red_bull,623,1
2023,16,norris,3,115,7,mclaren,172,5
2023,16,piastri,2,57,9,mclaren,172,5
2023,16,leclerc,4,135,6,ferrari,285,3
2023,16,hamilton,7,190,3,mercedes,305,2
2023,16,sainz,6,150,5,ferrari,285,3
2023,16,russell,8,115,8,mercedes,305,2
2023,16,alonso,10,174,4,aston_martin,221,4
2023,16,ocon,14,38,12,alpine,84,6
2023,16,gasly,12,46,11,alpine,84,6
2023,16,lawson,11,2,19,alphatauri,5,10
2023,16,tsunoda,9,3,17,alphatauri,5,10
2023,16,zhou,19,4,16,alfa,10,9
2023,16,hulkenberg,18,9,14,haas,12,8
2023,16,kevin_magnussen,15,3,18,haas,12,8
2023,16,albon,13,21,13,williams,21,7
2023,16,sargeant,20,0,20,williams,21,7
2023,16,stroll,17,47,10,aston_martin,221,4
2023,16,perez,5,223,2,red_bull,623,1
2023,16,bottas,16,6,15,alfa,10,9
2023,17,max_verstappen,1,433,1,red_bull,657,1
2023,17,piastri,6,83,9,mclaren,219,5
2023,17,norris,10,136,7,mclaren,219,5
2023,17,russell,2,132,8,mercedes,326,2
2023,17,leclerc,5,145,6,ferrari,298,3
2023,17,alonso,4,183,4,aston_martin,230,4
2023,17,ocon,8,44,12,alpine,90,6
2023,17,bottas,9,10,14,alfa,16,8
2023,17,zhou,19,6,16,alfa,16,8
2023,17,perez,20,224,2,red_bull,657,1
2023,17,stroll,16,47,10,aston_martin,230,4
2023,17,gasly,7,46,11,alpine,90,6
2023,17,albon,13,23,13,williams,23,7
2023,17,kevin_magnussen,18,3,18,haas,12,9
2023,17,tsunoda,11,3,17,alphatauri,5,10
2023,17,hulkenberg,14,9,15,haas,12,9
2023,17,lawson,17,2,19,alphatauri,5,10
2023,17,sargeant,15,0,20,williams,23,7
2023,17,hamilton,3,194,3,mercedes,326,2
2023,17,sainz,12,153,5,ferrari,298,3
2023,18,max_verstappen,6,466,1,red_bull,706,1
2023,18,norris,2,159,6,mclaren,242,4
2023,18,sainz,4,171,5,ferrari,322,3
2023,18,perez,9,240,2,red_bull,706,1
2023,18,russell,5,143,8,mercedes,344,2
2023,18,gasly,7,56,10,alpine,100,6
2023,18,stroll,20,53,11,aston_martin,236,5
2023,18,tsunoda,11,8,16,alphatauri,10,10
2023,18,albon,15,25,13,williams,26,7
2023,18,sargeant,16,1,20,williams,26,7
2023,18,hulkenberg,18,9,15,haas,12,9
2023,18,bottas,13,10,14,alfa,16,8
2023,18,zhou,12,6,17,alfa,16,8
2023,18,kevin_magnussen,17,3,18,haas,12,9
2023,18,ricciardo,14,0,22,alphatauri,10,10
2023,18,alonso,19,183,4,aston_martin,236,5
2023,18,piastri,10,83,9,mclaren,242,4
2023,18,ocon,8,44,12,alpine,100,6
2023,18,hamilton,3,201,3,mercedes,344,2
2023,18,leclerc,1,151,7,ferrari,322,3
2023,19,max_verstappen,3,491,1,red_bull,731,1
2023,19,hamilton,6,220,3,mercedes,371,2
2023,19,leclerc,1,166,7,ferrari,349,3
2023,19,sainz,2,183,4,ferrari,349,3
2023,19,norris,17,169,6,mclaren,256,4
2023,19,russell,8,151,8,mercedes,371,2
2023,19,ricciardo,4,6,17,alphatauri,16,8
2023,19,piastri,7,87,9,mclaren,256,4
2023,19,albon,14,27,13,williams,28,7
2023,19,ocon,15,45,12,alpine,101,6
2023,19,gasly,11,56,10,alpine,101,6
2023,19,tsunoda,18,8,16,alphatauri,16,8
2023,19,hulkenberg,12,9,15,haas,12,10
2023,19,zhou,10,6,18,alfa,16,9
2023,19,bottas,9,10,14,alfa,16,9
2023,19,sargeant,19,1,21,williams,28,7
2023,19,stroll,0,53,11,aston_martin,236,5
2023,19,alonso,13,183,5,aston_martin,236,5
2023,19,kevin_magnussen,16,3,19,haas,12,10
2023,19,perez,5,240,2,red_bull,731,1
2023,20,max_verstappen,1,524,1,red_bull,782,1
2023,20,norris,6,195,5,mclaren,282,4
2023,20,alonso,4,198,4,aston_martin,261,5
2023,20,perez,9,258,2,red_bull,782,1
2023,20,stroll,3,63,10,aston_martin,261,5
2023,20,sainz,7,192,6,ferrari,362,3
2023,20,gasly,15,62,11,alpine,108,6
2023,20,hamilton,5,226,3,mercedes,382,2
2023,20,tsunoda,16,13,14,alphatauri,21,8
2023,20,ocon,14,46,12,alpine,108,6
2023,20,sargeant,19,1,21,williams,28,7
2023,20,hulkenberg,11,9,16,haas,12,10
2023,20,ricciardo,17,6,17,alphatauri,21,8
2023,20,piastri,10,87,9,mclaren,282,4
2023,20,russell,8,156,8,mercedes,382,2
2023,20,bottas,18,10,15,alfa,16,9
2023,20,zhou,20,6,18,alfa,16,9
2023,20,kevin_magnussen,12,3,19,haas,12,10
2023,20,albon,13,27,13,williams,28,7
2023,20,leclerc,2,170,7,ferrari,362,3
2023,21,max_verstappen,2,549,1,red_bull,822,1
2023,21,leclerc,1,188,7,ferrari,388,3
2023,21,perez,11,273,2,red_bull,822,1
2023,21,ocon,16,58,12,alpine,120,6
2023,21,stroll,19,73,10,aston_martin,273,5
2023,21,sainz,12,200,4,ferrari,388,3
2023,21,hamilton,10,232,3,mercedes,392,2
2023,21,russell,3,160,8,mercedes,392,2
2023,21,alonso,9,200,5,aston_martin,273,5
2023,21,piastri,18,89,9,mclaren,284,4
2023,21,gasly,4,62,11,alpine,120,6
2023,21,albon,5,27,13,williams,28,7
2023,21,kevin_magnussen,8,3,19,haas,12,10
2023,21,ricciardo,14,6,17,alphatauri,21,8
2023,21,zhou,17,6,18,alfa,16,9
2023,21,sargeant,6,1,21,williams,28,7
2023,21,bottas,7,10,15,alfa,16,9
2023,21,tsunoda,20,13,14,alphatauri,21,8
2023,21,hulkenberg,13,9,16,haas,12,10
2023,21,norris,15,195,6,mclaren,284,4
2023,22,max_verstappen,1,575,1,red_bull,860,1
2023,22,leclerc,2,206,5,ferrari,406,3
2023,22,russell,4,175,8,mercedes,409,2
2023,22,perez,9,285,2,red_bull,860,1
2023,22,norris,5,205,6,mclaren,302,4
2023,22,piastri,3,97,9,mclaren,302,4
2023,22,alonso,7,206,4,aston_martin,280,5
2023,22,tsunoda,6,17,14,alphatauri,25,8
2023,22,hamilton,11,234,3,mercedes,409,2
2023,22,stroll,13,74,10,aston_martin,280,5
2023,22,ricciardo,15,6,17,alphatauri,25,8
2023,22,ocon,12,58,12,alpine,120,6
2023,22,gasly,10,62,11,alpine,120,6
2023,22,albon,14,27,13,williams,28,7
2023,22,hulkenberg,8,9,16,haas,12,10
2023,22,sargeant,20,1,21,williams,28,7
2023,22,zhou,19,6,18,alfa,16,9
2023,22,sainz,16,200,7,ferrari,406,3
2023,22,bottas,18,10,15,alfa,16,9
2023,22,kevin_magnussen,17,3,19,haas,12,10
2024,1,max_verstappen,1,26,1,red_bull,44,1
2024,1,perez,5,18,2,red_bull,44,1
2024,1,sainz,4,15,3,ferrari,27,2
2024,1,leclerc,2,12,4,ferrari,27,2
2024,1,russell,3,10,5,mercedes,16,3
2024,1,norris,7,8,6,mclaren,12,4
2024,1,hamilton,9,6,7,mercedes,16,3
2024,1,piastri,8,4,8,mclaren,12,4
2024,1,alonso,6,2,9,aston_martin,3,5
2024,1,stroll,12,1,10,aston_martin,3,5
2024,1,zhou,17,0,11,sauber,0,6
2024,1,kevin_magnussen,15,0,12,haas,0,7
2024,1,ricciardo,14,0,13,rb,0,8
2024,1,tsunoda,11,0,14,rb,0,8
2024,1,albon,13,0,15,williams,0,9
2024,1,hulkenberg,10,0,16,haas,0,7
2024,1,ocon,19,0,17,alpine,0,10
2024,1,gasly,20,0,18,alpine,0,10
2024,1,bottas,16,0,19,sauber,0,6
2024,1,sargeant,18,0,20,williams,0,9
2024,2,max_verstappen,1,51,1,red_bull,87,1
2024,2,perez,3,36,2,red_bull,87,1
2024,2,leclerc,2,28,3,ferrari,49,2
2024,2,piastri,5,16,5,mclaren,28,3
2024,2,alonso,4,12,7,aston_martin,13,5
2024,2,russell,7,18,4,mercedes,26,4
2024,2,bearman,11,6,10,ferrari,49,2
2024,2,norris,6,12,8,mclaren,28,3
2024,2,hamilton,8,8,9,mercedes,26,4
2024,2,hulkenberg,15,1,11,haas,1,6
2024,2,albon,12,0,13,williams,0,7
2024,2,kevin_magnussen,13,0,15,haas,1,6
2024,2,ocon,17,0,17,alpine,0,10
2024,2,sargeant,19,0,19,williams,0,7
2024,2,tsunoda,9,0,18,rb,0,9
2024,2,ricciardo,14,0,16,rb,0,9
2024,2,bottas,16,0,20,sauber,0,8
2024,2,zhou,20,0,14,sauber,0,8
2024,2,stroll,10,1,12,aston_martin,13,5
2024,2,gasly,18,0,21,alpine,0,10
2024,3,sainz,2,40,4,ferrari,93,2
2024,3,leclerc,4,47,2,ferrari,93,2
2024,3,norris,3,27,6,mclaren,55,3
2024,3,piastri,5,28,5,mclaren,55,3
2024,3,perez,6,46,3,red_bull,97,1
2024,3,stroll,9,9,9,aston_martin,25,5
2024,3,tsunoda,8,6,11,rb,6,6
2024,3,alonso,10,16,8,aston_martin,25,5
2024,3,hulkenberg,16,3,13,haas,4,7
2024,3,kevin_magnussen,14,1,14,haas,4,7
2024,3,albon,12,0,15,williams,0,8
2024,3,ricciardo,18,0,17,rb,6,6
2024,3,gasly,17,0,19,alpine,0,10
2024,3,bottas,13,0,20,sauber,0,9
2024,3,zhou,19,0,16,sauber,0,9
2024,3,ocon,15,0,18,alpine,0,10
2024,3,russell,7,18,7,mercedes,26,4
2024,3,hamilton,11,8,10,mercedes,26,4
2024,3,max_verstappen,1,51,1,red_bull,97,1
2024,4,max_verstappen,1,77,1,red_bull,141,1
2024,4,perez,2,64,2,red_bull,141,1
2024,4,sainz,4,55,4,ferrari,120,2
2024,4,leclerc,8,59,3,ferrari,120,2
2024,4,norris,3,37,5,mclaren,69,3
2024,4,alonso,5,24,8,aston_martin,33,5
2024,4,russell,9,24,7,mercedes,34,4
2024,4,piastri,6,32,6,mclaren,69,3
2024,4,hamilton,7,10,9,mercedes,34,4
2024,4,tsunoda,10,7,11,rb,7,6
2024,4,hulkenberg,12,3,13,haas,4,7
2024,4,stroll,16,9,10,aston_martin,33,5
2024,4,kevin_magnussen,18,1,14,haas,4,7
2024,4,bottas,13,0,20,sauber,0,9
2024,4,ocon,15,0,18,alpine,0,10
2024,4,gasly,17,0,19,alpine,0,10
2024,4,sargeant,19,0,21,williams,0,8
2024,4,zhou,20,0,16,sauber,0,9
2024,4,ricciardo,11,0,17,rb,7,6
2024,4,albon,14,0,15,williams,0,8
2024,5,max_verstappen,1,110,1,red_bull,195,1
2024,5,norris,4,58,5,mclaren,96,3
2024,5,perez,2,85,2,red_bull,195,1
2024,5,leclerc,6,76,3,ferrari,151,2
2024,5,sainz,7,69,4,ferrari,151,2
2024,5,russell,8,33,7,mercedes,52,4
2024,5,alonso,3,31,8,aston_martin,40,5
2024,5,piastri,5,38,6,mclaren,96,3
2024,5,hamilton,18,19,9,mercedes,52,4
2024,5,hulkenberg,9,4,13,haas,5,7
2024,5,ocon,13,0,16,alpine,0,9
2024,5,albon,14,0,15,williams,0,8
2024,5,gasly,15,0,19,alpine,0,9
2024,5,zhou,16,0,17,sauber,0,10
2024,5,stroll,11,9,10,aston_martin,40,5
2024,5,kevin_magnussen,17,1,14,haas,5,7
2024,5,sargeant,20,0,21,williams,0,8
2024,5,ricciardo,12,0,18,rb,7,6
2024,5,tsunoda,19,7,11,rb,7,6
2024,5,bottas,10,0,20,sauber,0,10
2024,6,norris,5,83,4,mclaren,124,3
2024,6,max_verstappen,1,136,1,red_bull,239,1
2024,6,leclerc,2,98,3,ferrari,187,2
2024,6,perez,4,103,2,red_bull,239,1
2024,6,sainz,3,83,5,ferrari,187,2
2024,6,hamilton,8,27,9,mercedes,64,4
2024,6,tsunoda,10,14,10,rb,19,6
2024,6,russell,7,37,7,mercedes,64,4
2024,6,alonso,15,33,8,aston_martin,42,5
2024,6,ocon,13,1,15,alpine,1,8
2024,6,hulkenberg,9,6,13,haas,7,7
2024,6,gasly,12,0,19,alpine,1,8
2024,6,piastri,6,41,6,mclaren,124,3
2024,6,zhou,19,0,18,sauber,0,10
2024,6,ricciardo,20,5,14,rb,19,6
2024,6,bottas,16,0,20,sauber,0,10
2024,6,stroll,11,9,11,aston_martin,42,5
2024,6,albon,14,0,17,williams,0,9
2024,6,kevin_magnussen,18,1,16,haas,7,7
2024,6,sargeant,17,0,21,williams,0,9
2024,7,max_verstappen,1,161,1,red_bull,268,1
2024,7,norris,2,101,4,mclaren,154,3
2024,7,leclerc,3,113,2,ferrari,212,2
2024,7,piastri,5,53,6,mclaren,154,3
2024,7,sainz,4,93,5,ferrari,212,2
2024,7,hamilton,8,35,8,mercedes,79,4
2024,7,russell,6,44,7,mercedes,79,4
2024,7,perez,11,107,3,red_bull,268,1
2024,7,stroll,13,11,11,aston_martin,44,5
2024,7,tsunoda,7,15,10,rb,20,6
2024,7,hulkenberg,10,6,13,haas,7,7
2024,7,kevin_magnussen,18,1,16,haas,7,7
2024,7,ricciardo,9,5,14,rb,20,6
2024,7,ocon,12,1,15,alpine,1,8
2024,7,zhou,17,0,18,sauber,0,10
2024,7,gasly,15,0,19,alpine,1,8
2024,7,sargeant,19,0,21,williams,0,9
2024,7,bottas,16,0,20,sauber,0,10
2024,7,alonso,20,33,9,aston_martin,44,5
2024,7,albon,14,0,17,williams,0,9
2024,8,leclerc,1,138,2,ferrari,252,2
2024,8,piastri,2,71,6,mclaren,184,3
2024,8,sainz,3,108,4,ferrari,252,2
2024,8,norris,4,113,3,mclaren,184,3
2024,8,russell,5,54,7,mercedes,96,4
2024,8,max_verstappen,6,169,1,red_bull,276,1
2024,8,hamilton,7,42,8,mercedes,96,4
2024,8,tsunoda,8,19,10,rb,24,6
2024,8,albon,9,2,15,williams,2,8
2024,8,gasly,10,1,18,alpine,2,9
2024,8,alonso,14,33,9,aston_martin,44,5
2024,8,ricciardo,12,5,14,rb,24,6
2024,8,bottas,17,0,20,sauber,0,10
2024,8,stroll,13,11,11,aston_martin,44,5
2024,8,sargeant,15,0,21,williams,2,8
2024,8,zhou,18,0,19,sauber,0,10
2024,8,ocon,11,1,16,alpine,2,9
2024,8,perez,16,107,5,red_bull,276,1
2024,8,hulkenberg,19,6,13,haas,7,7
2024,8,kevin_magnussen,20,1,17,haas,7,7
2024,9,max_verstappen,2,194,1,red_bull,301,1
2024,9,norris,3,131,3,mclaren,212,3
2024,9,russell,1,69,7,mercedes,124,4
2024,9,hamilton,7,55,8,mercedes,124,4
2024,9,piastri,4,81,6,mclaren,212,3
2024,9,alonso,6,41,9,aston_martin,58,5
2024,9,stroll,9,17,11,aston_martin,58,5
2024,9,ricciardo,5,9,12,rb,28,6
2024,9,gasly,15,3,15,alpine,5,8
2024,9,ocon,18,2,17,alpine,5,8
2024,9,hulkenberg,17,6,14,haas,7,7
2024,9,kevin_magnussen,14,1,18,haas,7,7
2024,9,bottas,19,0,20,sauber,0,10
2024,9,tsunoda,8,19,10,rb,28,6
2024,9,zhou,20,0,19,sauber,0,10
2024,9,sainz,12,108,4,ferrari,252,2
2024,9,albon,10,2,16,williams,2,9
2024,9,perez,16,107,5,red_bull,301,1
2024,9,leclerc,11,138,2,ferrari,252,2
2024,9,sargeant,13,0,21,williams,2,9
2024,10,max_verstappen,2,219,1,red_bull,330,1
2024,10,norris,1,150,2,mclaren,237,3
2024,10,hamilton,3,70,8,mercedes,151,4
2024,10,russell,4,81,7,mercedes,151,4
2024,10,leclerc,5,148,3,ferrari,270,2
2024,10,sainz,6,116,4,ferrari,270,2
2024,10,piastri,9,87,6,mclaren,237,3
2024,10,perez,11,111,5,red_bull,330,1
2024,10,gasly,7,5,15,alpine,8,7
2024,10,ocon,8,3,16,alpine,8,7
2024,10,hulkenberg,13,6,14,haas,7,8
2024,10,alonso,10,41,9,aston_martin,58,5
2024,10,zhou,15,0,19,sauber,0,10
2024,10,stroll,14,17,11,aston_martin,58,5
2024,10,ricciardo,18,9,12,rb,28,6
2024,10,bottas,12,0,20,sauber,0,10
2024,10,kevin_magnussen,16,1,18,haas,7,8
2024,10,albon,20,2,17,williams,2,9
2024,10,tsunoda,17,19,10,rb,28,6
2024,10,sargeant,19,0,21,williams,2,9
2024,11,russell,3,111,7,mercedes,196,4
2024,11,piastri,7,112,6,mclaren,268,3
2024,11,sainz,4,135,4,ferrari,291,2
2024,11,hamilton,5,85,8,mercedes,196,4
2024,11,max_verstappen,1,237,1,red_bull,355,1
2024,11,hulkenberg,9,14,12,haas,19,7
2024,11,perez,8,118,5,red_bull,355,1
2024,11,kevin_magnussen,12,5,16,haas,19,7
2024,11,ricciardo,11,11,13,rb,30,6
2024,11,gasly,13,6,15,alpine,9,8
2024,11,leclerc,6,150,3,ferrari,291,2
2024,11,ocon,10,3,17,alpine,9,8
2024,11,stroll,17,17,11,aston_martin,58,5
2024,11,tsunoda,14,19,10,rb,30,6
2024,11,albon,16,2,18,williams,2,9
2024,11,bottas,18,0,20,sauber,0,10
2024,11,zhou,20,0,19,sauber,0,10
2024,11,alonso,15,41,9,aston_martin,58,5
2024,11,sargeant,19,0,21,williams,2,9
2024,11,norris,2,156,2,mclaren,268,3
2024,12,hamilton,2,110,8,mercedes,221,4
2024,12,max_verstappen,4,255,1,red_bull,373,1
2024,12,norris,3,171,2,mclaren,295,3
2024,12,piastri,5,124,5,mclaren,295,3
2024,12,sainz,7,146,4,ferrari,302,2
2024,12,hulkenberg,6,22,11,haas,27,7
2024,12,stroll,8,23,10,aston_martin,68,5
2024,12,alonso,10,45,9,aston_martin,68,5
2024,12,albon,9,4,17,williams,4,9
2024,12,tsunoda,13,20,12,rb,31,6
2024,12,sargeant,12,0,20,williams,4,9
2024,12,kevin_magnussen,17,5,16,haas,27,7
2024,12,ricciardo,15,11,13,rb,31,6
2024,12,leclerc,11,150,3,ferrari,302,2
2024,12,bottas,16,0,21,sauber,0,10
2024,12,ocon,18,3,18,alpine,9,8
2024,12,perez,20,118,6,red_bull,373,1
2024,12,zhou,14,0,19,sauber,0,10
2024,12,russell,1,111,7,mercedes,221,4
2024,12,gasly,19,6,15,alpine,9,8
2024,13,piastri,2,149,5,mclaren,338,2
2024,13,norris,1,189,2,mclaren,338,2
2024,13,hamilton,5,125,6,mercedes,241,4
2024,13,leclerc,6,162,3,ferrari,322,3
2024,13,max_verstappen,3,265,1,red_bull,389,1
2024,13,sainz,4,154,4,ferrari,322,3
2024,13,perez,16,124,7,red_bull,389,1
2024,13,russell,17,116,8,mercedes,241,4
2024,13,tsunoda,10,22,12,rb,33,6
2024,13,stroll,8,24,10,aston_martin,69,5
2024,13,alonso,7,45,9,aston_martin,69,5
2024,13,ricciardo,9,11,13,rb,33,6
2024,13,hulkenberg,11,22,11,haas,27,7
2024,13,albon,13,4,17,williams,4,9
2024,13,kevin_magnussen,15,5,16,haas,27,7
2024,13,bottas,12,0,21,sauber,0,10
2024,13,sargeant,14,0,20,williams,4,9
2024,13,ocon,19,3,18,alpine,9,8
2024,13,zhou,18,0,19,sauber,0,10
2024,13,gasly,20,6,15,alpine,9,8
2024,14,hamilton,3,150,6,mercedes,266,4
2024,14,piastri,5,167,4,mclaren,366,2
2024,14,leclerc,1,177,3,ferrari,345,3
2024,14,max_verstappen,11,277,1,red_bull,408,1
2024,14,norris,4,199,2,mclaren,366,2
2024,14,sainz,7,162,5,ferrari,345,3
2024,14,perez,2,131,7,red_bull,408,1
2024,14,alonso,8,49,9,aston_martin,73,5
2024,14,ocon,9,5,17,alpine,11,8
2024,14,ricciardo,13,12,13,rb,34,6
2024,14,stroll,15,24,10,aston_martin,73,5
2024,14,albon,10,4,18,williams,4,9
2024,14,gasly,12,6,15,alpine,11,8
2024,14,kevin_magnussen,17,5,16,haas,27,7
2024,14,bottas,14,0,21,sauber,0,10
2024,14,tsunoda,20,22,12,rb,34,6
2024,14,sargeant,18,0,20,williams,4,9
2024,14,hulkenberg,16,22,11,haas,27,7
2024,14,zhou,19,0,19,sauber,0,10
2024,14,russell,6,116,8,mercedes,266,4
2024,15,norris,1,225,2,mclaren,404,2
2024,15,max_verstappen,2,295,1,red_bull,434,1
2024,15,leclerc,6,192,3,ferrari,370,3
2024,15,piastri,3,179,4,mclaren,404,2
2024,15,sainz,10,172,5,ferrari,370,3
2024,15,perez,5,139,7,red_bull,434,1
2024,15,russell,4,122,8,mercedes,276,4
2024,15,hamilton,14,154,6,mercedes,276,4
2024,15,gasly,9,8,14,alpine,13,8
2024,15,alonso,7,50,9,aston_martin,74,5
2024,15,hulkenberg,12,22,11,haas,27,7
2024,15,ricciardo,13,12,13,rb,34,6
2024,15,stroll,8,24,10,aston_martin,74,5
2024,15,albon,19,4,18,williams,4,9
2024,15,ocon,15,5,17,alpine,13,8
2024,15,sargeant,18,0,20,williams,4,9
2024,15,tsunoda,11,22,12,rb,34,6
2024,15,kevin_magnussen,20,5,16,haas,27,7
2024,15,bottas,16,0,21,sauber,0,10
2024,15,zhou,17,0,19,sauber,0,10
2024,16,leclerc,4,217,3,ferrari,407,3
2024,16,piastri,2,197,4,mclaren,438,2
2024,16,norris,1,241,2,mclaren,438,2
2024,16,sainz,5,184,5,ferrari,407,3
2024,16,hamilton,6,164,6,mercedes,292,4
2024,16,max_verstappen,7,303,1,red_bull,446,1
2024,16,russell,3,128,8,mercedes,292,4
2024,16,perez,8,143,7,red_bull,446,1
2024,16,albon,9,6,17,williams,6,9
2024,16,kevin_magnussen,13,6,16,haas,28,7
2024,16,alonso,11,50,9,aston_martin,74,5
2024,16,colapinto,18,0,21,williams,6,9
2024,16,ricciardo,12,12,13,rb,34,6
2024,16,ocon,15,5,18,alpine,13,8
2024,16,gasly,14,8,14,alpine,13,8
2024,16,bottas,19,0,22,sauber,0,10
2024,16,hulkenberg,10,22,11,haas,28,7
2024,16,zhou,20,0,19,sauber,0,10
2024,16,stroll,17,24,10,aston_martin,74,5
2024,16,tsunoda,16,22,12,rb,34,6
2024,17,piastri,2,222,4,mclaren,476,1
2024,17,leclerc,1,235,3,ferrari,425,3
2024,17,russell,5,143,7,mercedes,309,4
2024,17,norris,15,254,2,mclaren,476,1
2024,17,max_verstappen,6,313,1,red_bull,456,2
2024,17,alonso,7,58,9,aston_martin,82,5
2024,17,albon,9,12,13,williams,16,8
2024,17,colapinto,8,4,19,williams,16,8
2024,17,hamilton,19,166,6,mercedes,309,4
2024,17,bearman,10,7,16,haas,29,7
2024,17,hulkenberg,12,22,11,haas,29,7
2024,17,gasly,18,8,15,alpine,13,9
2024,17,ricciardo,14,12,14,rb,34,6
2024,17,zhou,17,0,20,sauber,0,10
2024,17,ocon,20,5,18,alpine,13,9
2024,17,bottas,16,0,22,sauber,0,10
2024,17,perez,4,143,8,red_bull,456,2
2024,17,sainz,3,184,5,ferrari,425,3
2024,17,stroll,13,24,10,aston_martin,82,5
2024,17,tsunoda,11,22,12,rb,34,6
2024,18,norris,1,279,2,mclaren,516,1
2024,18,max_verstappen,2,331,1,red_bull,475,2
2024,18,piastri,5,237,4,mclaren,516,1
2024,18,russell,4,155,7,mercedes,329,4
2024,18,leclerc,9,245,3,ferrari,441,3
2024,18,hamilton,3,174,6,mercedes,329,4
2024,18,sainz,10,190,5,ferrari,441,3
2024,18,alonso,7,62,9,aston_martin,86,5
2024,18,hulkenberg,6,24,10,haas,31,7
2024,18,perez,13,144,8,red_bull,475,2
2024,18,colapinto,12,4,19,williams,16,8
2024,18,tsunoda,8,22,12,rb,34,6
2024,18,ocon,15,5,18,alpine,13,9
2024,18,stroll,17,24,11,aston_martin,86,5
2024,18,zhou,20,0,20,sauber,0,10
2024,18,bottas,19,0,22,sauber,0,10
2024,18,gasly,18,8,15,alpine,13,9
2024,18,ricciardo,16,12,14,rb,34,6
2024,18,kevin_magnussen,14,6,17,haas,31,7
2024,18,albon,11,12,13,williams,16,8
2024,19,leclerc,4,275,3,ferrari,496,3
2024,19,sainz,3,215,5,ferrari,496,3
2024,19,max_verstappen,2,354,1,red_bull,504,2
2024,19,norris,1,297,2,mclaren,544,1
2024,19,piastri,5,247,4,mclaren,544,1
2024,19,russell,20,167,7,mercedes,344,4
2024,19,perez,9,150,8,red_bull,504,2
2024,19,hulkenberg,11,29,10,haas,38,6
2024,19,lawson,19,2,20,rb,36,7
2024,19,colapinto,15,5,18,williams,17,8
2024,19,kevin_magnussen,8,8,15,haas,38,6
2024,19,gasly,6,8,16,alpine,13,9
2024,19,alonso,7,62,9,aston_martin,86,5
2024,19,tsunoda,10,22,12,rb,36,7
2024,19,stroll,13,24,11,aston_martin,86,5
2024,19,albon,14,12,13,williams,17,8
2024,19,bottas,16,0,23,sauber,0,10
2024,19,ocon,12,5,19,alpine,13,9
2024,19,zhou,18,0,21,sauber,0,10
2024,19,hamilton,17,177,6,mercedes,344,4
2024,20,sainz,1,240,5,ferrari,537,2
2024,20,norris,3,315,2,mclaren,566,1
2024,20,leclerc,4,291,3,ferrari,537,2
2024,20,hamilton,6,189,6,mercedes,366,4
2024,20,russell,5,177,7,mercedes,366,4
2024,20,max_verstappen,2,362,1,red_bull,512,3
2024,20,kevin_magnussen,7,14,13,haas,46,6
2024,20,piastri,17,251,4,mclaren,566,1
2024,20,hulkenberg,10,31,10,haas,46,6
2024,20,gasly,8,9,16,alpine,14,9
2024,20,stroll,14,24,11,aston_martin,86,5
2024,20,colapinto,16,5,18,williams,17,8
2024,20,ocon,0,5,19,alpine,14,9
2024,20,bottas,15,0,23,sauber,0,10
2024,20,zhou,19,0,21,sauber,0,10
2024,20,lawson,12,2,20,rb,36,7
2024,20,perez,18,150,8,red_bull,512,3
2024,20,alonso,13,62,9,aston_martin,86,5
2024,20,albon,9,12,14,williams,17,8
2024,20,tsunoda,11,22,12,rb,36,7
2024,21,max_verstappen,17,393,1,red_bull,544,3
2024,21,ocon,4,23,14,alpine,49,6
2024,21,gasly,13,26,12,alpine,49,6
2024,21,russell,2,192,6,mercedes,382,4
2024,21,leclerc,6,307,3,ferrari,557,2
2024,21,norris,1,331,2,mclaren,593,1
2024,21,tsunoda,3,28,11,rb,44,8
2024,21,piastri,8,262,4,mclaren,593,1
2024,21,lawson,5,4,20,rb,44,8
2024,21,hamilton,14,190,7,mercedes,382,4
2024,21,perez,12,151,8,red_bull,544,3
2024,21,bearman,15,7,18,haas,46,7
2024,21,bottas,11,0,23,sauber,0,10
2024,21,alonso,9,62,9,aston_martin,86,5
2024,21,zhou,19,0,21,sauber,0,10
2024,21,sainz,20,244,5,ferrari,557,2
2024,21,colapinto,16,5,19,williams,17,9
2024,21,albon,7,12,16,williams,17,9
2024,21,stroll,10,24,13,aston_martin,86,5
2024,21,hulkenberg,18,31,10,haas,46,7
2024,22,russell,1,217,6,mercedes,425,4
2024,22,hamilton,10,208,7,mercedes,425,4
2024,22,sainz,2,259,5,ferrari,584,2
2024,22,leclerc,4,319,3,ferrari,584,2
2024,22,max_verstappen,5,403,1,red_bull,555,3
2024,22,norris,6,340,2,mclaren,608,1
2024,22,piastri,8,268,4,mclaren,608,1
2024,22,hulkenberg,9,35,10,haas,50,6
2024,22,tsunoda,7,30,11,rb,46,8
2024,22,perez,15,152,8,red_bull,555,3
2024,22,alonso,16,62,9,aston_martin,86,5
2024,22,kevin_magnussen,12,14,15,haas,50,6
2024,22,zhou,13,0,21,sauber,0,10
2024,22,colapinto,20,5,19,williams,17,9
2024,22,stroll,18,24,13,aston_martin,86,5
2024,22,lawson,14,4,20,rb,46,8
2024,22,ocon,11,23,14,alpine,49,7
2024,22,bottas,19,0,23,sauber,0,10
2024,22,albon,17,12,16,williams,17,9
2024,22,gasly,3,26,12,alpine,49,7
2024,23,max_verstappen,2,429,1,red_bull,581,3
2024,23,leclerc,5,341,3,ferrari,619,2
2024,23,piastri,4,291,4,mclaren,640,1
2024,23,russell,1,235,6,mercedes,446,4
2024,23,gasly,11,36,11,alpine,59,6
2024,23,sainz,7,272,5,ferrari,619,2
2024,23,alonso,8,68,9,aston_martin,92,5
2024,23,zhou,12,4,20,sauber,4,10
2024,23,kevin_magnussen,10,16,15,haas,54,7
2024,23,norris,3,349,2,mclaren,640,1
2024,23,bottas,13,0,22,sauber,4,10
2024,23,hamilton,6,211,7,mercedes,446,4
2024,23,tsunoda,14,30,12,rb,46,8
2024,23,lawson,17,4,21,rb,46,8
2024,23,albon,16,12,16,williams,17,9
2024,23,hulkenberg,18,37,10,haas,54,7
2024,23,perez,9,152,8,red_bull,581,3
2024,23,stroll,15,24,13,aston_martin,92,5
2024,23,colapinto,19,5,19,williams,17,9
2024,23,ocon,20,23,14,alpine,59,6
2024,24,norris,1,374,2,mclaren,666,1
2024,24,sainz,3,290,5,ferrari,652,2
2024,24,leclerc,19,356,3,ferrari,652,2
2024,24,hamilton,16,223,7,mercedes,468,4
2024,24,russell,6,245,6,mercedes,468,4
2024,24,max_verstappen,4,437,1,red_bull,589,3
2024,24,gasly,5,42,10,alpine,65,6
2024,24,hulkenberg,7,41,11,haas,58,7
2024,24,alonso,8,70,9,aston_martin,94,5
2024,24,piastri,2,292,4,mclaren,666,1
2024,24,albon,18,12,16,williams,17,9
2024,24,tsunoda,11,30,12,rb,46,8
2024,24,zhou,15,4,20,sauber,4,10
2024,24,stroll,13,24,13,aston_martin,94,5
2024,24,doohan,17,0,24,alpine,65,6
2024,24,kevin_magnussen,14,16,15,haas,58,7
2024,24,lawson,12,4,21,rb,46,8
2024,24,bottas,9,0,22,sauber,4,10
2024,24,colapinto,20,5,19,williams,17,9
2024,24,perez,10,152,8,red_bull,589,3
2025,1,norris,1,25,1,mclaren,27,1
2025,1,max_verstappen,3,18,2,red_bull,18,3
2025,1,russell,4,15,3,mercedes,27,2
2025,1,antonelli,16,12,4,mercedes,27,2
2025,1,albon,6,10,5,williams,10,4
2025,1,stroll,13,8,6,aston_martin,8,5
2025,1,hulkenberg,17,6,7,sauber,6,6
2025,1,leclerc,7,4,8,ferrari,5,7
2025,1,piastri,2,2,9,mclaren,27,1
2025,1,hamilton,8,1,10,ferrari,5,7
2025,1,gasly,9,0,11,alpine,0,8
2025,1,tsunoda,5,0,12,rb,0,9
2025,1,ocon,19,0,13,haas,0,10
2025,1,bearman,20,0,14,haas,0,10
2025,1,lawson,18,0,,red_bull,18,3
2025,1,bortoleto,15,0,,sauber,6,6
2025,1,alonso,12,0,,aston_martin,8,5
2025,1,sainz,10,0,,williams,10,4
2025,1,doohan,14,0,,alpine,0,8
2025,1,hadjar,11,0,,rb,0,9
2025,2,piastri,1,34,4,mclaren,78,1
2025,2,norris,3,44,1,mclaren,78,1
2025,2,russell,2,35,3,mercedes,57,2
2025,2,max_verstappen,4,36,2,red_bull,36,3
2025,2,ocon,11,10,7,haas,14,6
2025,2,antonelli,8,22,5,mercedes,57,2
2025,2,albon,10,16,6,williams,17,4
2025,2,bearman,17,4,12,haas,14,6
2025,2,stroll,14,10,8,aston_martin,10,7
2025,2,sainz,15,1,14,williams,17,4
2025,2,hadjar,7,0,16,rb,3,9
2025,2,lawson,20,0,17,red_bull,36,3
2025,2,doohan,18,0,18,alpine,0,10
2025,2,bortoleto,19,0,19,sauber,6,8
2025,2,hulkenberg,12,6,11,sauber,6,8
2025,2,tsunoda,9,3,13,rb,3,9
2025,2,alonso,13,0,,aston_martin,10,7
2025,2,leclerc,6,8,10,ferrari,17,5
2025,2,hamilton,5,9,9,ferrari,17,5
2025,2,gasly,16,0,15,alpine,0,10
2025,3,max_verstappen,1,61,2,red_bull,61,3
2025,3,norris,2,62,1,mclaren,111,1
2025,3,piastri,3,49,3,mclaren,111,1
2025,3,leclerc,4,20,6,ferrari,35,4
2025,3,russell,5,45,4,mercedes,75,2
2025,3,antonelli,6,30,5,mercedes,75,2
2025,3,hamilton,8,15,8,ferrari,35,4
2025,3,hadjar,7,4,13,rb,7,8
2025,3,albon,9,18,7,williams,19,5
2025,3,bearman,10,5,12,haas,15,6
2025,3,alonso,12,0,17,aston_martin,10,7
2025,3,tsunoda,14,3,14,red_bull,61,3
2025,3,gasly,11,0,16,alpine,0,10
2025,3,sainz,15,1,15,williams,19,5
2025,3,doohan,19,0,19,alpine,0,10
2025,3,hulkenberg,16,6,11,sauber,6,9
2025,3,lawson,13,0,18,rb,7,8
2025,3,ocon,18,10,9,haas,15,6
2025,3,bortoleto,17,0,20,sauber,6,9
2025,3,stroll,20,10,10,aston_martin,10,7
2025,4,piastri,1,74,2,mclaren,151,1
2025,4,russell,3,63,4,mercedes,93,2
2025,4,norris,6,77,1,mclaren,151,1
2025,4,leclerc,2,32,5,ferrari,57,4
2025,4,hamilton,9,25,7,ferrari,57,4
2025,4,max_verstappen,7,69,3,red_bull,71,3
2025,4,gasly,4,6,11,alpine,6,9
2025,4,ocon,14,14,9,haas,20,5
2025,4,tsunoda,10,5,14,red_bull,71,3
2025,4,bearman,20,6,13,haas,20,5
2025,4,antonelli,5,30,6,mercedes,93,2
2025,4,albon,15,18,8,williams,19,6
2025,4,hadjar,12,4,15,rb,7,8
2025,4,doohan,11,0,19,alpine,6,9
2025,4,alonso,13,0,17,aston_martin,10,7
2025,4,lawson,17,0,18,rb,7,8
2025,4,stroll,19,10,10,aston_martin,10,7
2025,4,bortoleto,18,0,20,sauber,6,10
2025,4,sainz,8,1,16,williams,19,6
2025,4,hulkenberg,16,6,12,sauber,6,10
2025,5,piastri,2,99,1,mclaren,188,1
2025,5,max_verstappen,1,87,3,red_bull,89,3
2025,5,leclerc,4,47,5,ferrari,78,4
2025,5,norris,10,89,2,mclaren,188,1
2025,5,russell,3,73,4,mercedes,111,2
2025,5,antonelli,5,38,6,mercedes,111,2
2025,5,hamilton,7,31,7,ferrari,78,4
2025,5,sainz,6,5,15,williams,25,5
2025,5,albon,11,20,8,williams,25,5
2025,5,hadjar,14,5,14,rb,8,8
2025,5,alonso,13,0,17,aston_martin,10,7
2025,5,lawson,12,0,18,rb,8,8
2025,5,bearman,15,6,13,haas,20,6
2025,5,ocon,19,14,9,haas,20,6
2025,5,hulkenberg,18,6,12,sauber,6,10
2025,5,stroll,16,10,10,aston_martin,10,7
2025,5,doohan,17,0,19,alpine,6,9
2025,5,bortoleto,20,0,20,sauber,6,10
2025,5,tsunoda,8,5,16,red_bull,89,3
2025,5,gasly,9,6,11,alpine,6,9
2025,6,piastri,4,131,1,mclaren,246,1
2025,6,norris,2,115,2,mclaren,246,1
2025,6,russell,5,93,4,mercedes,141,2
2025,6,max_verstappen,1,99,3,red_bull,105,3
2025,6,albon,7,30,8,williams,37,5
2025,6,antonelli,3,48,6,mercedes,141,2
2025,6,leclerc,8,53,5,ferrari,94,4
2025,6,hamilton,12,41,7,ferrari,94,4
2025,6,sainz,6,7,13,williams,37,5
2025,6,tsunoda,10,9,11,red_bull,105,3
2025,6,hadjar,11,5,16,rb,8,8
2025,6,ocon,9,14,9,haas,20,6
2025,6,gasly,20,7,12,alpine,7,9
2025,6,hulkenberg,16,6,14,sauber,6,10
2025,6,alonso,17,0,17,aston_martin,14,7
2025,6,stroll,18,14,10,aston_martin,14,7
2025,6,lawson,15,0,18,rb,8,8
2025,6,bortoleto,13,0,20,sauber,6,10
2025,6,bearman,19,6,15,haas,20,6
2025,6,doohan,14,0,19,alpine,7,9
2025,7,max_verstappen,2,124,3,red_bull,131,3
2025,7,norris,4,133,2,mclaren,279,1
2025,7,piastri,1,146,1,mclaren,279,1
2025,7,hamilton,12,53,6,ferrari,114,4
2025,7,albon,7,40,8,williams,51,5
2025,7,leclerc,11,61,5,ferrari,114,4
2025,7,russell,3,99,4,mercedes,147,2
2025,7,sainz,6,11,11,williams,51,5
2025,7,hadjar,9,7,14,rb,10,8
2025,7,tsunoda,20,10,12,red_bull,131,3
2025,7,alonso,5,0,17,aston_martin,14,7
2025,7,hulkenberg,17,6,15,sauber,6,10
2025,7,gasly,10,7,13,alpine,7,9
2025,7,lawson,15,0,18,rb,10,8
2025,7,stroll,8,14,10,aston_martin,14,7
2025,7,colapinto,16,0,21,alpine,7,9
2025,7,bearman,19,6,16,haas,20,6
2025,7,bortoleto,14,0,20,sauber,6,10
2025,7,antonelli,13,48,7,mercedes,147,2
2025,7,ocon,18,14,9,haas,20,6
2025,8,norris,1,158,2,mclaren,319,1
2025,8,leclerc,2,79,5,ferrari,142,4
2025,8,piastri,3,161,1,mclaren,319,1
2025,8,max_verstappen,4,136,3,red_bull,143,3
2025,8,hamilton,7,63,6,ferrari,142,4
2025,8,hadjar,5,15,10,rb,22,7
2025,8,ocon,8,20,9,haas,26,6
2025,8,lawson,9,4,17,rb,22,7
2025,8,albon,10,42,8,williams,54,5
2025,8,sainz,11,12,12,williams,54,5
2025,8,russell,14,99,4,mercedes,147,2
2025,8,bearman,20,6,16,haas,26,6
2025,8,colapinto,18,0,20,alpine,7,9
2025,8,bortoleto,16,0,21,sauber,6,10
2025,8,stroll,19,14,11,aston_martin,14,8
2025,8,hulkenberg,13,6,15,sauber,6,10
2025,8,tsunoda,12,10,13,red_bull,143,3
2025,8,antonelli,15,48,7,mercedes,147,2
2025,8,alonso,6,0,18,aston_martin,14,8
2025,8,gasly,17,7,14,alpine,7,9
2025,9,piastri,1,186,1,mclaren,362,1
2025,9,norris,2,176,2,mclaren,362,1
2025,9,leclerc,7,94,5,ferrari,165,2
2025,9,russell,4,111,4,mercedes,159,3
2025,9,hulkenberg,15,16,11,sauber,16,8
2025,9,hamilton,5,71,6,ferrari,165,2
2025,9,hadjar,9,21,9,rb,28,6
2025,9,gasly,8,11,14,alpine,11,10
2025,9,alonso,10,2,18,aston_martin,16,9
2025,9,max_verstappen,3,137,3,red_bull,144,4
2025,9,lawson,13,4,17,rb,28,6
2025,9,bortoleto,12,0,19,sauber,16,8
2025,9,tsunoda,19,10,15,red_bull,144,4
2025,9,sainz,17,12,13,williams,54,5
2025,9,colapinto,18,0,21,alpine,11,10
2025,9,ocon,16,20,10,haas,26,7
2025,9,bearman,14,6,16,haas,26,7
2025,9,antonelli,6,48,7,mercedes,159,3
2025,9,albon,11,42,8,williams,54,5
